[
  {
    "id": "32e4850a-e7af-45c1-afa4-16916e25d12d",
    "data": [
      {
        "text": "Show me tokens",
        "userDefined": false
      }
    ],
    "isTemplate": false,
    "count": 0,
    "lang": "en",
    "updated": 0
  },
  {
    "id": "3d21954e-1263-48ba-921d-dae79c5ea1a5",
    "data": [
      {
        "text": "Can you list the tokens supported by the ",
        "userDefined": false
      },
      {
        "text": "{network}",
        "meta": "@Network",
        "alias": "network",
        "userDefined": true
      },
      {
        "text": " network?",
        "userDefined": false
      }
    ],
    "isTemplate": false,
    "count": 0,
    "lang": "en",
    "updated": 0
  },
  {
    "id": "6667ba61-10be-470d-9e9d-e66f7a1ae963",
    "data": [
      {
        "text": "What tokens are available for swapping on ",
        "userDefined": false
      },
      {
        "text": "{network}",
        "meta": "@Network",
        "alias": "network",
        "userDefined": true
      },
      {
        "text": "?",
        "userDefined": false
      }
    ],
    "isTemplate": false,
    "count": 0,
    "lang": "en",
    "updated": 0
  },
  {
    "id": "c8e600dd-1a2f-4c7a-a018-c5ed5c47b7a4",
    "data": [
      {
        "text": "Show me the available tokens for ",
        "userDefined": false
      },
      {
        "text": "{network}.",
        "meta": "@Network",
        "alias": "network",
        "userDefined": true
      }
    ],
    "isTemplate": false,
    "count": 0,
    "lang": "en",
    "updated": 0
  },
  {
    "id": "e7f5e96e-23eb-43dc-90d7-b94826bee3b8",
    "data": [
      {
        "text": "can you show the list of tokens",
        "userDefined": false
      }
    ],
    "isTemplate": false,
    "count": 1,
    "lang": "en",
    "updated": 0
  },
  {
    "id": "ae99e710-1681-4dc2-b480-a1d5ee4a25c1",
    "data": [
      {
        "text": "What tokens are available on ",
        "userDefined": false
      },
      {
        "text": "Ethereum",
        "meta": "@Network",
        "alias": "network",
        "userDefined": false
      }
    ],
    "isTemplate": false,
    "count": 1,
    "lang": "en",
    "updated": 0
  },
  {
    "id": "6e1e0791-71d0-46a3-b440-8af0a3550bf6",
    "data": [
      {
        "text": "I want to see swappable tokens on ",
        "userDefined": false
      },
      {
        "text": "polygon",
        "meta": "@Network",
        "alias": "network",
        "userDefined": false
      }
    ],
    "isTemplate": false,
    "count": 1,
    "lang": "en",
    "updated": 0
  },
  {
    "id": "c7afa9c0-90a9-4315-af07-88b0714c83a2",
    "data": [
      {
        "text": "hey can you show me the list of tokens for ",
        "userDefined": false
      },
      {
        "text": "Ethereum",
        "meta": "@Network",
        "alias": "network",
        "userDefined": false
      }
    ],
    "isTemplate": false,
    "count": 1,
    "lang": "en",
    "updated": 0
  },
  {
    "id": "f2adc9be-0780-46c3-97f1-feda14a7bb73",
    "data": [
      {
        "text": "What tokens are available for swapping on ",
        "userDefined": false
      },
      {
        "text": "polygon",
        "meta": "@Network",
        "alias": "network",
        "userDefined": false
      }
    ],
    "isTemplate": false,
    "count": 1,
    "lang": "en",
    "updated": 0
  },
  {
    "id": "23a54c52-ad7a-4095-a9b4-8ea3dab6f0be",
    "data": [
      {
        "text": "can you show me token for ",
        "userDefined": false
      },
      {
        "text": "binance smart chain",
        "meta": "@Network",
        "alias": "network",
        "userDefined": false
      }
    ],
    "isTemplate": false,
    "count": 7,
    "lang": "en",
    "updated": 0
  },
  {
    "id": "82ed07eb-e973-4ae0-ae46-cad4bc4e134f",
    "data": [
      {
        "text": "can you show me the tokens for ",
        "userDefined": false
      },
      {
        "text": "polygon",
        "meta": "@Network",
        "alias": "network",
        "userDefined": false
      },
      {
        "text": " please",
        "userDefined": false
      }
    ],
    "isTemplate": false,
    "count": 1,
    "lang": "en",
    "updated": 0
  },
  {
    "id": "ced770ca-2488-4e6a-bc1f-c7c3d720b4aa",
    "data": [
      {
        "text": "I want to see all tokens on ",
        "userDefined": false
      },
      {
        "text": "polygon",
        "meta": "@Network",
        "alias": "network",
        "userDefined": false
      }
    ],
    "isTemplate": false,
    "count": 1,
    "lang": "en",
    "updated": 0
  },
  {
    "id": "2e16c306-15b6-4963-a08c-0a3c9690d2ef",
    "data": [
      {
        "text": "What tokens are availalb eon ",
        "userDefined": false
      },
      {
        "text": "polygon",
        "meta": "@Network",
        "alias": "network",
        "userDefined": false
      }
    ],
    "isTemplate": false,
    "count": 1,
    "lang": "en",
    "updated": 0
  },
  {
    "id": "6f4f1ada-3026-441a-a2b4-db6f65af7fb0",
    "data": [
      {
        "text": "show me tokens",
        "userDefined": false
      }
    ],
    "isTemplate": false,
    "count": 1,
    "lang": "en",
    "updated": 0
  },
  {
    "id": "fb04cfde-7b30-4a05-8e54-098674f22891",
    "data": [
      {
        "text": "show mes tokens",
        "userDefined": false
      }
    ],
    "isTemplate": false,
    "count": 0,
    "lang": "en",
    "updated": 0
  }
]