[
  {
    "id": "97260a66-fd64-47f8-878f-0747fd47c1ed",
    "data": [
      {
        "text": "{slippage}",
        "meta": "@sys.number",
        "alias": "slippage",
        "userDefined": true
      },
      {
        "text": "%",
        "userDefined": false
      }
    ],
    "isTemplate": false,
    "count": 0,
    "lang": "en",
    "updated": 0
  },
  {
    "id": "39bbf393-6a64-4150-84ca-7465ed4baf28",
    "data": [
      {
        "text": "Set the slippage tolerance to ",
        "userDefined": false
      },
      {
        "text": "{slippage}",
        "meta": "@sys.number",
        "alias": "slippage",
        "userDefined": true
      },
      {
        "text": "%",
        "userDefined": false
      }
    ],
    "isTemplate": false,
    "count": 0,
    "lang": "en",
    "updated": 0
  },
  {
    "id": "18b3cda4-8e1b-4ecf-95dd-6a26e19426e4",
    "data": [
      {
        "text": "I want a ",
        "userDefined": false
      },
      {
        "text": "{slippage}",
        "meta": "@sys.number",
        "alias": "slippage",
        "userDefined": true
      },
      {
        "text": "% slippage tolerance",
        "userDefined": false
      }
    ],
    "isTemplate": false,
    "count": 0,
    "lang": "en",
    "updated": 0
  },
  {
    "id": "617315cb-63f0-4270-98d5-79b4b524ceec",
    "data": [
      {
        "text": "My preferred slippage is ",
        "userDefined": false
      },
      {
        "text": "{slippage}",
        "meta": "@sys.number",
        "alias": "slippage",
        "userDefined": true
      },
      {
        "text": "%",
        "userDefined": false
      }
    ],
    "isTemplate": false,
    "count": 0,
    "lang": "en",
    "updated": 0
  },
  {
    "id": "0331ffe6-2840-49d8-a497-6cfe6514133b",
    "data": [
      {
        "text": "3",
        "meta": "@sys.number",
        "alias": "slippage",
        "userDefined": true
      },
      {
        "text": "%",
        "userDefined": false
      }
    ],
    "isTemplate": false,
    "count": 3,
    "lang": "en",
    "updated": 0
  },
  {
    "id": "60a3e32d-b0ee-4ae3-9fe9-b0657fe452ae",
    "data": [
      {
        "text": "I want to set ",
        "userDefined": false
      },
      {
        "text": "3",
        "meta": "@sys.number",
        "alias": "slippage",
        "userDefined": false
      },
      {
        "text": "% as slippage",
        "userDefined": false
      }
    ],
    "isTemplate": false,
    "count": 0,
    "lang": "en",
    "updated": 0
  },
  {
    "id": "7cdd64de-040a-452f-9530-8bed24a1606f",
    "data": [
      {
        "text": "Set the slippagd tolerance to ",
        "userDefined": false
      },
      {
        "text": "3",
        "meta": "@sys.number",
        "alias": "slippage",
        "userDefined": false
      },
      {
        "text": "%",
        "userDefined": false
      }
    ],
    "isTemplate": false,
    "count": 0,
    "lang": "en",
    "updated": 0
  },
  {
    "id": "582d4796-eecf-4a01-a64b-46aebaa3d588",
    "data": [
      {
        "text": "I want ",
        "userDefined": false
      },
      {
        "text": "3",
        "meta": "@sys.number",
        "alias": "slippage",
        "userDefined": true
      },
      {
        "text": "% as slippage",
        "userDefined": false
      }
    ],
    "isTemplate": false,
    "count": 1,
    "lang": "en",
    "updated": 0
  },
  {
    "data": [
      {
        "text": "3%",
        "meta": "@sys.percentage",
        "alias": "percentage",
        "userDefined": false
      }
    ],
    "isTemplate": false,
    "count": 0,
    "lang": "en",
    "updated": 0
  },
  {
    "data": [
      {
        "text": "2",
        "meta": "@sys.number",
        "alias": "number",
        "userDefined": false
      }
    ],
    "isTemplate": false,
    "count": 0,
    "lang": "en",
    "updated": 0
  },
  {
    "data": [
      {
        "text": "2",
        "meta": "@sys.number",
        "alias": "slippage",
        "userDefined": false
      }
    ],
    "isTemplate": false,
    "count": 0,
    "lang": "en",
    "updated": 0
  }
]