[
  {
    "id": "3b559559-8226-4f7a-a337-136682ff5592",
    "data": [
      {
        "text": "What tokens are available on ",
        "userDefined": false
      },
      {
        "text": "Polygon",
        "meta": "@Network",
        "alias": "network",
        "userDefined": true
      },
      {
        "text": "?",
        "userDefined": false
      }
    ],
    "isTemplate": false,
    "count": 0,
    "lang": "en",
    "updated": 0
  },
  {
    "id": "0d657ea1-7bbd-416b-86cd-fb9ee878141d",
    "data": [
      {
        "text": "Show me ",
        "userDefined": false
      },
      {
        "text": "tokens",
        "userDefined": false
      },
      {
        "text": " on ",
        "userDefined": false
      },
      {
        "text": "the",
        "userDefined": false
      },
      {
        "text": " ",
        "userDefined": false
      },
      {
        "text": "Binance Smart Chain",
        "meta": "@Network",
        "alias": "network",
        "userDefined": true
      }
    ],
    "isTemplate": false,
    "count": 0,
    "lang": "en",
    "updated": 0
  },
  {
    "id": "e61175ae-ab74-4922-9bb0-8f5af727fbdc",
    "data": [
      {
        "text": "I want to see ",
        "userDefined": false
      },
      {
        "text": "tokens",
        "userDefined": false
      },
      {
        "text": " ",
        "userDefined": false
      },
      {
        "text": "for",
        "userDefined": false
      },
      {
        "text": " ",
        "userDefined": false
      },
      {
        "text": "the",
        "userDefined": false
      },
      {
        "text": " ",
        "userDefined": false
      },
      {
        "text": "Ethereum network",
        "meta": "@Network",
        "alias": "network",
        "userDefined": true
      }
    ],
    "isTemplate": false,
    "count": 0,
    "lang": "en",
    "updated": 0
  },
  {
    "data": [
      {
        "text": "show mes tokens",
        "userDefined": false
      }
    ],
    "isTemplate": false,
    "count": 0,
    "lang": "en",
    "updated": 0
  }
]