[
  {
    "id": "41c0a392-9104-4a4b-8b33-81eb960ca724",
    "data": [
      {
        "text": "Change ",
        "userDefined": false
      },
      {
        "text": "{tokenA}",
        "meta": "@Token",
        "alias": "tokenA",
        "userDefined": true
      },
      {
        "text": " ",
        "userDefined": false
      },
      {
        "text": "into {tokenB}.",
        "meta": "@Token",
        "alias": "tokenB",
        "userDefined": true
      }
    ],
    "isTemplate": false,
    "count": 0,
    "lang": "en",
    "updated": 0
  },
  {
    "id": "890f8ce2-9a06-4816-b545-f56cfa855f93",
    "data": [
      {
        "text": "I\u0027d like to trade ",
        "userDefined": false
      },
      {
        "text": "{tokenA}",
        "meta": "@Token",
        "alias": "tokenA",
        "userDefined": true
      },
      {
        "text": " ",
        "userDefined": false
      },
      {
        "text": "for {tokenB}.",
        "meta": "@Token",
        "alias": "tokenB",
        "userDefined": true
      }
    ],
    "isTemplate": false,
    "count": 0,
    "lang": "en",
    "updated": 0
  },
  {
    "id": "16e0f5a8-cedc-44ce-9416-10ddacc0b39a",
    "data": [
      {
        "text": "Convert my ",
        "userDefined": false
      },
      {
        "text": "{tokenA}",
        "meta": "@Token",
        "alias": "tokenA",
        "userDefined": true
      },
      {
        "text": " ",
        "userDefined": false
      },
      {
        "text": "to {tokenB}.",
        "meta": "@Token",
        "alias": "tokenB",
        "userDefined": true
      }
    ],
    "isTemplate": false,
    "count": 0,
    "lang": "en",
    "updated": 0
  },
  {
    "id": "ce267394-bb79-443f-9011-a4185a8a2e0a",
    "data": [
      {
        "text": "Exchange ",
        "userDefined": false
      },
      {
        "text": "{tokenA}",
        "meta": "@Token",
        "alias": "tokenA",
        "userDefined": true
      },
      {
        "text": " to ",
        "userDefined": false
      },
      {
        "text": "{tokenB}.",
        "meta": "@Token",
        "alias": "tokenB",
        "userDefined": true
      }
    ],
    "isTemplate": false,
    "count": 0,
    "lang": "en",
    "updated": 0
  },
  {
    "id": "3e9807c3-1fe2-475a-843a-97097495c7f5",
    "data": [
      {
        "text": "I want to swap ",
        "userDefined": false
      },
      {
        "text": "{tokenA}",
        "meta": "@Token",
        "alias": "tokenA",
        "userDefined": true
      },
      {
        "text": " ",
        "userDefined": false
      },
      {
        "text": "for {tokenB}.",
        "meta": "@Token",
        "alias": "tokenB",
        "userDefined": true
      }
    ],
    "isTemplate": false,
    "count": 0,
    "lang": "en",
    "updated": 0
  },
  {
    "id": "aea1f6ae-f95f-432b-a0b3-a704bdd3d437",
    "data": [
      {
        "text": "USDC",
        "meta": "@Token",
        "alias": "tokenA",
        "userDefined": false
      },
      {
        "text": " to ",
        "userDefined": false
      },
      {
        "text": "APW",
        "meta": "@Token",
        "alias": "tokenB",
        "userDefined": false
      }
    ],
    "isTemplate": false,
    "count": 3,
    "lang": "en",
    "updated": 0
  },
  {
    "id": "dbddcb88-837d-4799-8855-db455fb70ab2",
    "data": [
      {
        "text": "I want to swap ",
        "userDefined": false
      },
      {
        "text": "USDC",
        "meta": "@Token",
        "alias": "tokenA",
        "userDefined": false
      },
      {
        "text": " to ",
        "userDefined": false
      },
      {
        "text": "APW",
        "meta": "@Token",
        "alias": "tokenB",
        "userDefined": false
      }
    ],
    "isTemplate": false,
    "count": 4,
    "lang": "en",
    "updated": 0
  }
]