[
  {
    "id": "a6613e46-ecea-4a6a-8594-170da29790a6",
    "data": [
      {
        "text": "{amount}",
        "meta": "@sys.number",
        "alias": "amount",
        "userDefined": true
      },
      {
        "text": " ",
        "userDefined": false
      },
      {
        "text": "tokens",
        "meta": "@Token",
        "alias": "token",
        "userDefined": true
      }
    ],
    "isTemplate": false,
    "count": 0,
    "lang": "en",
    "updated": 0
  },
  {
    "id": "0c479b68-f2d7-4156-af7f-b93895e97d42",
    "data": [
      {
        "text": "{amount}",
        "meta": "@sys.number",
        "alias": "amount",
        "userDefined": true
      }
    ],
    "isTemplate": false,
    "count": 0,
    "lang": "en",
    "updated": 0
  },
  {
    "id": "27108c7c-95f2-48b3-8dea-de2a7206f1d7",
    "data": [
      {
        "text": "I\u0027d like to exchange ",
        "userDefined": false
      },
      {
        "text": "{amount}",
        "meta": "@sys.number",
        "alias": "amount",
        "userDefined": true
      },
      {
        "text": " ",
        "userDefined": false
      },
      {
        "text": "tokens",
        "meta": "@Token",
        "alias": "token",
        "userDefined": true
      },
      {
        "text": ".",
        "userDefined": false
      }
    ],
    "isTemplate": false,
    "count": 0,
    "lang": "en",
    "updated": 0
  },
  {
    "id": "9d4dcf7c-b6ce-44b5-b1b1-3d889438783d",
    "data": [
      {
        "text": "I want to ",
        "userDefined": false
      },
      {
        "text": "swap",
        "userDefined": false
      },
      {
        "text": " ",
        "userDefined": false
      },
      {
        "text": "{amount}",
        "meta": "@sys.number",
        "alias": "amount",
        "userDefined": true
      },
      {
        "text": " ",
        "userDefined": false
      },
      {
        "text": "tokens",
        "meta": "@Token",
        "alias": "token",
        "userDefined": true
      },
      {
        "text": ".",
        "userDefined": false
      }
    ],
    "isTemplate": false,
    "count": 0,
    "lang": "en",
    "updated": 0
  },
  {
    "id": "b975cb3d-1ff2-466c-9bfc-8d437e298065",
    "data": [
      {
        "text": "0.5",
        "meta": "@sys.number",
        "alias": "amount",
        "userDefined": false
      }
    ],
    "isTemplate": false,
    "count": 0,
    "lang": "en",
    "updated": 0
  },
  {
    "id": "20fc94fe-cab1-4d5d-ab8e-58781b462261",
    "data": [
      {
        "text": "0.1",
        "meta": "@sys.number",
        "alias": "amount",
        "userDefined": false
      }
    ],
    "isTemplate": false,
    "count": 0,
    "lang": "en",
    "updated": 0
  }
]