[
  {
    "id": "751417ab-9d51-4a19-9764-a10a16392b91",
    "data": [
      {
        "text": "Please help me trade my tokens for another.",
        "userDefined": false
      }
    ],
    "isTemplate": false,
    "count": 0,
    "lang": "en",
    "updated": 0
  },
  {
    "id": "d299e7df-9bb5-4d69-a9ca-8c5b5f7d4a84",
    "data": [
      {
        "text": "I want to convert my tokens to another token.",
        "userDefined": false
      }
    ],
    "isTemplate": false,
    "count": 0,
    "lang": "en",
    "updated": 0
  },
  {
    "id": "657968a8-a91a-4465-b2eb-29495ce6b54c",
    "data": [
      {
        "text": "Assist me with a token exchange.",
        "userDefined": false
      }
    ],
    "isTemplate": false,
    "count": 0,
    "lang": "en",
    "updated": 0
  },
  {
    "id": "505a3d40-d3be-4f3a-8954-e5ac8ed5eeeb",
    "data": [
      {
        "text": "How do I swap between ",
        "userDefined": false
      },
      {
        "text": "two",
        "userDefined": false
      },
      {
        "text": " tokens?",
        "userDefined": false
      }
    ],
    "isTemplate": false,
    "count": 0,
    "lang": "en",
    "updated": 0
  },
  {
    "id": "d391ef3c-1d33-456d-9a65-0564f6d92238",
    "data": [
      {
        "text": "Can I trade my tokens for another token?",
        "userDefined": false
      }
    ],
    "isTemplate": false,
    "count": 0,
    "lang": "en",
    "updated": 0
  },
  {
    "id": "49315f02-ef59-4687-851a-b0098aef53af",
    "data": [
      {
        "text": "I\u0027d like to exchange tokens.",
        "userDefined": false
      }
    ],
    "isTemplate": false,
    "count": 0,
    "lang": "en",
    "updated": 0
  },
  {
    "id": "77319ff7-34e8-4075-ac03-2e35aff37eed",
    "data": [
      {
        "text": "I want to perform a token swap.",
        "userDefined": false
      }
    ],
    "isTemplate": false,
    "count": 0,
    "lang": "en",
    "updated": 0
  },
  {
    "id": "c1af6e57-8db8-4d89-9662-dabcca3d96cd",
    "data": [
      {
        "text": "Can you assist me in swapping tokens?",
        "userDefined": false
      }
    ],
    "isTemplate": false,
    "count": 0,
    "lang": "en",
    "updated": 0
  },
  {
    "id": "3d47bd6c-4745-4630-a476-0bbb470c2f10",
    "data": [
      {
        "text": "I\u0027m looking to trade tokens.",
        "userDefined": false
      }
    ],
    "isTemplate": false,
    "count": 0,
    "lang": "en",
    "updated": 0
  },
  {
    "id": "cbefaf02-4758-48dd-8d51-4c44970525d0",
    "data": [
      {
        "text": "Help me exchange tokens.",
        "userDefined": false
      }
    ],
    "isTemplate": false,
    "count": 0,
    "lang": "en",
    "updated": 0
  },
  {
    "id": "cf469fb1-59ef-4352-a03a-93ba117935e7",
    "data": [
      {
        "text": "I need to swap my tokens, please.",
        "userDefined": false
      }
    ],
    "isTemplate": false,
    "count": 0,
    "lang": "en",
    "updated": 0
  },
  {
    "id": "56a98fc4-056f-4952-8dde-e16ca7d113a1",
    "data": [
      {
        "text": "How can I convert my tokens?",
        "userDefined": false
      }
    ],
    "isTemplate": false,
    "count": 0,
    "lang": "en",
    "updated": 0
  },
  {
    "id": "20a9604a-b4bf-4feb-bc45-e2d77a8afb06",
    "data": [
      {
        "text": "I\u0027d like to trade one token for another.",
        "userDefined": false
      }
    ],
    "isTemplate": false,
    "count": 0,
    "lang": "en",
    "updated": 0
  },
  {
    "id": "f4a31d96-2fba-4ad5-a152-16aa16011352",
    "data": [
      {
        "text": "Can I exchange some tokens?",
        "userDefined": false
      }
    ],
    "isTemplate": false,
    "count": 0,
    "lang": "en",
    "updated": 0
  },
  {
    "id": "d8796eec-2846-44ce-8f72-9ea5179421d0",
    "data": [
      {
        "text": "I want to swap tokens.",
        "userDefined": false
      }
    ],
    "isTemplate": false,
    "count": 0,
    "lang": "en",
    "updated": 0
  },
  {
    "id": "14bc2378-502d-4fa9-99ee-44abfdeaf940",
    "data": [
      {
        "text": "I want to swap",
        "userDefined": false
      }
    ],
    "isTemplate": false,
    "count": 0,
    "lang": "en",
    "updated": 0
  }
]