[
  {
    "id": "bff18810-e640-404b-a633-c2ed91dfbec6",
    "data": [
      {
        "text": "{tokenB}",
        "meta": "@Token",
        "alias": "tokenB",
        "userDefined": true
      }
    ],
    "isTemplate": false,
    "count": 0,
    "lang": "en",
    "updated": 0
  },
  {
    "id": "3a445264-0990-44b4-8dd5-2d791e60b170",
    "data": [
      {
        "text": "My target token is ",
        "userDefined": false
      },
      {
        "text": "{tokenB}.",
        "meta": "@Token",
        "alias": "tokenB",
        "userDefined": true
      }
    ],
    "isTemplate": false,
    "count": 0,
    "lang": "en",
    "updated": 0
  },
  {
    "id": "e1e1ea76-734b-4e34-bf1f-77dff2567693",
    "data": [
      {
        "text": "I\u0027d like to get ",
        "userDefined": false
      },
      {
        "text": "{tokenB} tokens.",
        "meta": "@Token",
        "alias": "tokenB",
        "userDefined": true
      }
    ],
    "isTemplate": false,
    "count": 0,
    "lang": "en",
    "updated": 0
  },
  {
    "id": "d5e99021-7d1e-4a49-95b0-51f06f34f5bb",
    "data": [
      {
        "text": "I want to swap ",
        "userDefined": false
      },
      {
        "text": "to {tokenB}.",
        "meta": "@Token",
        "alias": "tokenB",
        "userDefined": true
      }
    ],
    "isTemplate": false,
    "count": 0,
    "lang": "en",
    "updated": 0
  },
  {
    "id": "6baf7d29-e5ce-4b67-8e94-62dbdfd9f162",
    "data": [
      {
        "text": "to ",
        "userDefined": false
      },
      {
        "text": "USDC",
        "meta": "@Token",
        "alias": "tokenB",
        "userDefined": false
      }
    ],
    "isTemplate": false,
    "count": 1,
    "lang": "en",
    "updated": 0
  }
]