[
  {
    "id": "450f7521-8cb7-4b1b-98a6-0fe3167170a7",
    "data": [
      {
        "text": "{tokenA}",
        "meta": "@Token",
        "alias": "tokenA",
        "userDefined": true
      }
    ],
    "isTemplate": false,
    "count": 0,
    "lang": "en",
    "updated": 0
  },
  {
    "id": "ec4bf03c-1bf6-4b79-93fc-d629b013ea70",
    "data": [
      {
        "text": "My source token is ",
        "userDefined": false
      },
      {
        "text": "{tokenA}.",
        "meta": "@Token",
        "alias": "tokenA",
        "userDefined": true
      }
    ],
    "isTemplate": false,
    "count": 0,
    "lang": "en",
    "updated": 0
  },
  {
    "id": "88c6bdd3-3f31-48d4-9a73-4abad1aea338",
    "data": [
      {
        "text": "I have ",
        "userDefined": false
      },
      {
        "text": "{tokenA} tokens.",
        "meta": "@Token",
        "alias": "tokenA",
        "userDefined": true
      }
    ],
    "isTemplate": false,
    "count": 0,
    "lang": "en",
    "updated": 0
  },
  {
    "id": "1ac143bd-dcd2-445d-98dd-9152631852c8",
    "data": [
      {
        "text": "I want to swap ",
        "userDefined": false
      },
      {
        "text": "from {tokenA}.",
        "meta": "@Token",
        "alias": "tokenA",
        "userDefined": true
      }
    ],
    "isTemplate": false,
    "count": 0,
    "lang": "en",
    "updated": 0
  },
  {
    "id": "9c8cf35a-a642-48ce-ad12-442a09b47a8b",
    "data": [
      {
        "text": "I Want to swap some ",
        "userDefined": false
      },
      {
        "text": "ETH",
        "meta": "@Token",
        "alias": "tokenA",
        "userDefined": false
      }
    ],
    "isTemplate": false,
    "count": 2,
    "lang": "en",
    "updated": 0
  }
]